# Redirects
# Format: from_path to_path status_code
# Status codes: 301 (permanent) or 302 (temporary)

# Add common pattern redirects
    ^\/case\/([a-z0-9-]+)\/$: /work 301
    ^\/writing\/([a-z0-9-]+)\/$: /articles/$1 301
    ^\/blog\/([a-z0-9-]+)\/$: /articles/$1 301
    ^\/books\/([a-z0-9-]+)\/$: /articles/$1 301
    ^\/ux\/([a-z0-9-]+)\/$: /articles/$1 301
    ^\/rss\/([a-z0-9-]+)\/$: /rss 301
    ^\/newsletter\/(.*): /newsletter 301

# Add specific redirects for RSS feeds
    ^/feed.xml: /rss/ 301
    ^/rss.xml: /rss/ 301
    ^/writing.xml: /rss/ 301

# Add specific redirects for work pages
    ^/falkenberg: /work 301
    ^/designsystem: /work 301

# Add specific redirects for other pages
    ^/work-with-me: /articles/working-with-anton 301
    ^/book: /articles 301
    ^/blog: /articles 301
    ^/writing: /articles 301
    ^/ux-lead: /uxlead/ 301

# Add specific redirect for books
    ^/books/user-experiences-matter: /user-experiences-matter/ 301

# Add specific redirect for year in review
    ^/2024: /articles/2024/ 301

# Add /writing/* redirects for all articles
    ^/writing/(.*): /articles/$1/ 301

# Add /content/* redirects (common pattern)
    ^/content/(.*): /articles/$1/ 301

    ^/newsletter-its-about-me-me-me: /articles/newsletter-its-about-me-me-me/ 301
    ^/newsletter-change-is-a-good-thing: /articles/newsletter-change-is-a-good-thing/ 301
    ^/first-week-as-ft-3-interviews: /articles/first-week-as-ft-3-interviews/ 301
    ^/a-question-never-asked-is-never-answered: /articles/a-question-never-asked-is-never-answered/ 301
    ^/write-when-you-have-something-to-say: /articles/write-when-you-have-something-to-say/ 301
    ^/can-you-be-creative-just-by-creating: /articles/can-you-be-creative-just-by-creating/ 301
    ^/i-just-realized-something-devastating: /articles/i-just-realized-something-devastating/ 301
    ^/meaningful-reflection-on-your-values: /articles/meaningful-reflection-on-your-values/ 301
    ^/back-from-finland-updates-podcasts-and-more: /articles/back-from-finland-updates-podcasts-and-more/ 301
    ^/cost-pricing-and-perceived-value: /articles/cost-pricing-and-perceived-value/ 301
    ^/conversations: /articles/conversations/ 301
    ^/ux-design-explained: /articles/ux-design-explained/ 301
    ^/understanding-ui-design: /articles/understanding-ui-design/ 301
    ^/kudos: /articles/kudos/ 301
    ^/working-with-me: /articles/working-with-me/ 301
    ^/freelancer-for-life: /articles/freelancer-for-life/ 301
    ^/growth: /articles/growth/ 301
    ^/what-is-cost-of-sharing: /articles/what-is-cost-of-sharing/ 301
    ^/the-days-are-long-but-the-decades-are-short: /articles/the-days-are-long-but-the-decades-are-short/ 301
    ^/mvp-is-your-product-really-minimum-and-viable: /articles/mvp-is-your-product-really-minimum-and-viable/ 301
    ^/how-designers-can-earn-a-seat-at-the-table: /articles/how-designers-can-earn-a-seat-at-the-table/ 301
    ^/working-with-ux-designers-and-getting-results: /articles/working-with-ux-designers-and-getting-results/ 301
    ^/i-am-professional-because-i-am-personal: /articles/i-am-professional-because-i-am-personal/ 301
    ^/understanding-pain-dream-fix: /articles/understanding-pain-dream-fix/ 301
    ^/hey-siri-whats-the-future-of-user-interfaces: /articles/hey-siri-whats-the-future-of-user-interfaces/ 301
    ^/ux-is-much-more-than-software: /articles/ux-is-much-more-than-software/ 301
    ^/understanding-values: /articles/understanding-values/ 301
    ^/time-vs-attention-which-is-more-valuable: /articles/time-vs-attention-which-is-more-valuable/ 301
    ^/ux-designer: /articles/ux-designer/ 301
    ^/great-ux: /articles/great-ux/ 301
    ^/what-is-a-great-user-experience: /articles/what-is-a-great-user-experience/ 301
    ^/why-user-experiences-matter: /articles/why-user-experiences-matter/ 301
    ^/fundamentals-of-ux: /articles/fundamentals-of-ux/ 301
    ^/an-eye-on-the-future: /articles/an-eye-on-the-future/ 301
    ^/simplicity-be-your-own-mvp: /articles/simplicity-be-your-own-mvp/ 301
    ^/be-the-butcher-not-the-supermarket: /articles/be-the-butcher-not-the-supermarket/ 301
    ^/interactive-car: /articles/interactive-car/ 301
    ^/built-to-last: /articles/built-to-last/ 301
    ^/no-one-really-knows-what-they-want: /articles/no-one-really-knows-what-they-want/ 301
    ^/secret-feature: /articles/secret-feature/ 301
    ^/the-life-of-a-freelancer: /articles/the-life-of-a-freelancer/ 301
    ^/design-problem-solver: /articles/design-problem-solver/ 301
    ^/making-promises-clients-will-feel: /articles/making-promises-clients-will-feel/ 301
    ^/emotion-design: /articles/emotion-design/ 301
    ^/conversion-change-quick-results-take-time: /articles/conversion-change-quick-results-take-time/ 301
    ^/bots: /articles/bots/ 301
    ^/gut: /articles/gut/ 301
    ^/5-things-football-teach-us-building-products: /articles/5-things-football-teach-us-building-products/ 301
    ^/conversions: /articles/conversions/ 301
    ^/user-experiences-matter-2nd-edition-blog: /articles/user-experiences-matter-2nd-edition-blog/ 301
    ^/apple: /articles/apple/ 301
    ^/email-marketing: /articles/email-marketing/ 301
    ^/becoming-better-designer: /articles/becoming-better-designer/ 301
    ^/without-struggle-isnt-success: /articles/without-struggle-isnt-success/ 301
    ^/simple-is-hard: /articles/simple-is-hard/ 301
    ^/designing-for-accessibility: /articles/designing-for-accessibility/ 301
    ^/is-less-more: /articles/is-less-more/ 301
    ^/atomic-design: /articles/atomic-design/ 301
    ^/automated-personalized-content: /articles/automated-personalized-content/ 301
    ^/designingmobile: /articles/designingmobile/ 301
    ^/isnewbetter: /articles/isnewbetter/ 301
    ^/great-user-experiences: /articles/great-user-experiences/ 301
    ^/better-onboarding-cut-drop-off-rate-dramatically: /articles/better-onboarding-cut-drop-off-rate-dramatically/ 301
    ^/designers-write: /articles/designers-write/ 301
    ^/future-ux-designer: /articles/future-ux-designer/ 301
    ^/attract-top-recruiting-talent: /articles/attract-top-recruiting-talent/ 301
    ^/writing-ux-practical-tips: /articles/writing-ux-practical-tips/ 301
    ^/vox-media-accessibility-guidelines: /articles/vox-media-accessibility-guidelines/ 301
    ^/better-uxdesigner: /articles/better-uxdesigner/ 301
    ^/designers-start-writing: /articles/designers-start-writing/ 301
    ^/redesign: /articles/redesign/ 301
    ^/truefans: /articles/truefans/ 301
    ^/beingfreelance: /articles/beingfreelance/ 301
    ^/flowers: /articles/flowers/ 301
    ^/chasinggrowth: /articles/chasinggrowth/ 301
    ^/gooddesign: /articles/gooddesign/ 301
    ^/carpediem: /articles/carpediem/ 301
    ^/emailbroken: /articles/emailbroken/ 301
    ^/predictfuture: /articles/predictfuture/ 301
    ^/uxwriter: /articles/uxwriter/ 301
    ^/abtests: /articles/abtests/ 301
    ^/appledesign: /articles/appledesign/ 301
    ^/checkoutforwinners: /articles/checkoutforwinners/ 301
    ^/whatdoyoudo: /articles/whatdoyoudo/ 301
    ^/enjoyableux: /articles/enjoyableux/ 301
    ^/secretformulaforux: /articles/secretformulaforux/ 301
    ^/worth: /articles/worth/ 301
    ^/appledesignmojo: /articles/appledesignmojo/ 301
    ^/missile: /articles/missile/ 301
    ^/2017: /articles/2017/ 301
    ^/futureofretail: /articles/futureofretail/ 301
    ^/everythingeasy: /articles/everythingeasy/ 301
    ^/succeedfreelancing: /articles/succeedfreelancing/ 301
    ^/care: /articles/care/ 301
    ^/abetteruserexperience: /articles/abetteruserexperience/ 301
    ^/pricingphilosophy: /articles/pricingphilosophy/ 301
    ^/voiceinput: /articles/voiceinput/ 301
    ^/newtools: /articles/newtools/ 301
    ^/fword: /articles/fword/ 301
    ^/whatsux: /articles/whatsux/ 301
    ^/whysmallteamswin: /articles/whysmallteamswin/ 301
    ^/designsystems: /articles/designsystems/ 301
    ^/leanintofreelancing: /articles/leanintofreelancing/ 301
    ^/tech-is-not-neutral: /articles/tech-is-not-neutral/ 301
    ^/netflixux: /articles/netflixux/ 301
    ^/fb-gdpr: /articles/fb-gdpr/ 301
    ^/vanitymetrics: /articles/vanitymetrics/ 301
    ^/modest-guide-to-productivity: /articles/modest-guide-to-productivity/ 301
    ^/pattern-names: /articles/pattern-names/ 301
    ^/gdpr-is-ruining-my-life: /articles/gdpr-is-ruining-my-life/ 301
    ^/apple-instagram: /articles/apple-instagram/ 301
    ^/twitter-password: /articles/twitter-password/ 301
    ^/google-tasks: /articles/google-tasks/ 301
    ^/personal-data-requests: /articles/personal-data-requests/ 301
    ^/unfoundered: /articles/unfoundered/ 301
    ^/microcontent: /articles/microcontent/ 301
    ^/learn-ux: /articles/learn-ux/ 301
    ^/ai-ethics: /articles/ai-ethics/ 301
    ^/ab-tests: /articles/ab-tests/ 301
    ^/confirmation-bias: /articles/confirmation-bias/ 301
    ^/cheap-shower-curtains: /articles/cheap-shower-curtains/ 301
    ^/moral-implications-apps: /articles/moral-implications-apps/ 301
    ^/elon-musk-thailand: /articles/elon-musk-thailand/ 301
    ^/values: /articles/values/ 301
    ^/rands: /articles/rands/ 301
    ^/race-to-trillion: /articles/race-to-trillion/ 301
    ^/why-small-teams-win: /articles/why-small-teams-win/ 301
    ^/google-protest: /articles/google-protest/ 301
    ^/bullshit-web: /articles/bullshit-web/ 301
    ^/facebook-struggle: /articles/facebook-struggle/ 301
    ^/email-compulsion: /articles/email-compulsion/ 301
    ^/just-keep: /articles/just-keep/ 301
    ^/ant-efficiency: /articles/ant-efficiency/ 301
    ^/5-ux-questions: /articles/5-ux-questions/ 301
    ^/nikhil-on-facebook: /articles/nikhil-on-facebook/ 301
    ^/baby-robots: /articles/baby-robots/ 301
    ^/facebook: /articles/facebook/ 301
    ^/back-to-work: /articles/back-to-work/ 301
    ^/iphone-privacy: /articles/iphone-privacy/ 301
    ^/tesla: /articles/tesla/ 301
    ^/automation: /articles/automation/ 301
    ^/my-responsibilities: /articles/my-responsibilities/ 301
    ^/2050: /articles/2050/ 301
    ^/iphone-franchise: /articles/iphone-franchise/ 301
    ^/serving-customer: /articles/serving-customer/ 301
    ^/voiceinput-socialnorms: /articles/voiceinput-socialnorms/ 301
    ^/organized-browsing: /articles/organized-browsing/ 301
    ^/timcook-privacy: /articles/timcook-privacy/ 301
    ^/break: /articles/break/ 301
    ^/stay-humble: /articles/stay-humble/ 301
    ^/scaledown: /articles/scaledown/ 301
    ^/ai-honest: /articles/ai-honest/ 301
    ^/ifyoulike: /articles/ifyoulike/ 301
    ^/right-to-privacy: /articles/right-to-privacy/ 301
    ^/imagine: /articles/imagine/ 301
    ^/2018: /articles/2018/ 301
    ^/prescribed-tech: /articles/prescribed-tech/ 301
    ^/writing-ux: /articles/writing-ux/ 301
    ^/voice-assistants: /articles/voice-assistants/ 301
    ^/q: /articles/q/ 301
    ^/accessibility: /articles/accessibility/ 301
    ^/calm: /articles/calm/ 301
    ^/neurodiversity: /articles/neurodiversity/ 301
    ^/wireframes-less-relevant: /articles/wireframes-less-relevant/ 301
    ^/waiting: /articles/waiting/ 301
    ^/notion: /articles/notion/ 301
    ^/meaning-of-work: /articles/meaning-of-work/ 301
    ^/brand: /articles/brand/ 301
    ^/vckills: /articles/vckills/ 301
    ^/uxdesigner: /articles/uxdesigner/ 301
    ^/gumroadday: /articles/gumroadday/ 301
    ^/accenture: /articles/accenture/ 301
    ^/uxlead: /articles/uxlead/ 301
    ^/materialdesign: /articles/materialdesign/ 301
    ^/nextiphone: /articles/nextiphone/ 301
    ^/soccer: /articles/soccer/ 301
    ^/alexa: /articles/alexa/ 301
    ^/scapegoating: /articles/scapegoating/ 301
    ^/overcast: /articles/overcast/ 301
    ^/intuitive: /articles/intuitive/ 301
    ^/10years: /articles/10years/ 301
    ^/googleprivacy: /articles/googleprivacy/ 301
    ^/whosproblem: /articles/whosproblem/ 301
    ^/simple: /articles/simple/ 301
    ^/newdesign: /articles/newdesign/ 301
    ^/big-mood: /articles/big-mood/ 301
    ^/just-write: /articles/just-write/ 301
    ^/designing-for-accessibility-posters: /articles/designing-for-accessibility-posters/ 301
    ^/avengers: /articles/avengers/ 301
    ^/friction: /articles/friction/ 301
    ^/consultants: /articles/consultants/ 301
    ^/freelance-and-business: /articles/freelance-and-business/ 301
    ^/uxrules: /articles/uxrules/ 301
    ^/superhuman-again: /articles/superhuman-again/ 301
    ^/5years: /articles/5years/ 301
    ^/ux-candy: /articles/ux-candy/ 301
    ^/measuring-ux: /articles/measuring-ux/ 301
    ^/ux-realworld: /articles/ux-realworld/ 301
    ^/hot-potato: /articles/hot-potato/ 301
    ^/speak-business: /articles/speak-business/ 301
    ^/professional-path: /articles/professional-path/ 301
    ^/2019: /articles/2019/ 301
    ^/fathom: /articles/fathom/ 301
    ^/trackers: /articles/trackers/ 301
    ^/ux-exit: /articles/ux-exit/ 301
    ^/basecamp-investing: /articles/basecamp-investing/ 301
    ^/timewellspent: /articles/timewellspent/ 301
    ^/slack-ruined-work: /articles/slack-ruined-work/ 301
    ^/what-we-want-happy: /articles/what-we-want-happy/ 301
    ^/newsletter-friend: /articles/newsletter-friend/ 301
    ^/redesign-to-learn: /articles/redesign-to-learn/ 301
    ^/hey: /articles/hey/ 301
    ^/hard-startups: /articles/hard-startups/ 301
    ^/engagement-antimetric: /articles/engagement-antimetric/ 301
    ^/wasting: /articles/wasting/ 301
    ^/culture: /articles/culture/ 301
    ^/great-managers: /articles/great-managers/ 301
    ^/how-i-design: /articles/how-i-design/ 301
    ^/wireframes-too-concrete: /articles/wireframes-too-concrete/ 301
    ^/emotions-work: /articles/emotions-work/ 301
    ^/get-static: /articles/get-static/ 301
    ^/wireframes: /articles/wireframes/ 301
    ^/design-better: /articles/design-better/ 301
    ^/need-for-speed: /articles/need-for-speed/ 301
    ^/what-do-you-do: /articles/what-do-you-do/ 301
    ^/marketing-features: /articles/marketing-features/ 301
    ^/summer-update: /articles/summer-update/ 301
    ^/managing-distributed-team: /articles/managing-distributed-team/ 301
    ^/design-review: /articles/design-review/ 301
    ^/freelancer: /articles/freelancer/ 301
    ^/more-isnt-better: /articles/more-isnt-better/ 301
    ^/design-less: /articles/design-less/ 301
    ^/working-uxlead: /articles/working-uxlead/ 301
    ^/good-design: /articles/good-design/ 301
    ^/books-help-grow: /articles/books-help-grow/ 301
    ^/2020: /articles/2020/ 301
    ^/40: /articles/40/ 301
    ^/typical-day: /articles/typical-day/ 301
    ^/home-office: /articles/home-office/ 301
    ^/design-principles: /articles/design-principles/ 301
    ^/design-principles-part2: /articles/design-principles-part2/ 301
    ^/design-principles-part3: /articles/design-principles-part3/ 301
    ^/career: /articles/career/ 301
    ^/design-principles-part4: /articles/design-principles-part4/ 301
    ^/design-ethics: /articles/design-ethics/ 301
    ^/why-design-principles: /articles/why-design-principles/ 301
    ^/design-ethics-part2: /articles/design-ethics-part2/ 301
    ^/fulltime: /articles/fulltime/ 301
    ^/defining-best: /articles/defining-best/ 301
    ^/as-if: /articles/as-if/ 301
    ^/profits-culture: /articles/profits-culture/ 301
    ^/design-systems: /articles/design-systems/ 301
    ^/break-laws: /articles/break-laws/ 301
    ^/feedback: /articles/feedback/ 301
    ^/juniorvssenior: /articles/juniorvssenior/ 301
    ^/the-web: /articles/the-web/ 301
    ^/2021: /articles/2021/ 301
    ^/tasks-initiatives: /articles/tasks-initiatives/ 301
    ^/connecting-dots: /articles/connecting-dots/ 301
    ^/imposter: /articles/imposter/ 301
    ^/ux-for-efficiency: /articles/ux-for-efficiency/ 301
    ^/website-2022: /articles/website-2022/ 301
    ^/company-culture: /articles/company-culture/ 301
    ^/justwrite: /articles/justwrite/ 301
    ^/polestar: /articles/polestar/ 301
    ^/curiosity: /articles/curiosity/ 301
    ^/head-of-product: /articles/head-of-product/ 301
    ^/meaningful-design-systems: /articles/meaningful-design-systems/ 301
    ^/2022: /articles/2022/ 301
    ^/new-brand: /articles/new-brand/ 301
    ^/why-write: /articles/why-write/ 301
    ^/ai: /articles/ai/ 301
    ^/working-with-anton: /articles/working-with-anton/ 301
    ^/consequences-design: /articles/consequences-design/ 301
    ^/how-to-sell-design: /articles/how-to-sell-design/ 301
    ^/newsletter-decline: /articles/newsletter-decline/ 301
    ^/unreasonable: /articles/unreasonable/ 301
    ^/teams: /articles/teams/ 301
    ^/one-question-changed-feedback-for-me: /articles/one-question-changed-feedback-for-me/ 301
    ^/the-power-of-product-principles: /articles/the-power-of-product-principles/ 301
    ^/how-i-write-for-design: /articles/how-i-write-for-design/ 301
    ^/why-carousels-dont-work: /articles/why-carousels-dont-work/ 301
    ^/2023: /articles/2023/ 301
    ^/resolutions: /articles/resolutions/ 301
    ^/freelancing-three-values: /articles/freelancing-three-values/ 301
    ^/digital-tools-may-create-life-long-relationships: /articles/digital-tools-may-create-life-long-relationships/ 301
    ^/no-code-tools: /articles/no-code-tools/ 301
    ^/print-design-principles: /articles/print-design-principles/ 301
    ^/writing-better-design: /articles/writing-better-design/ 301
    ^/tools: /articles/tools/ 301
    ^/uxstrategy: /articles/uxstrategy/ 301
    ^/stakeholder: /articles/stakeholder/ 301
    ^/change-is-coming: /articles/change-is-coming/ 301
    ^/ux-portfolio: /articles/ux-portfolio/ 301
    ^/write-when-you-have-something-to-say-2: /articles/write-when-you-have-something-to-say-2/ 301
    ^/can-you-be-creative: /articles/can-you-be-creative/ 301
    ^/core-values: /articles/core-values/ 301